{"cameraMode":{"drawMode":0,"name":"Shaded","section":"Shading Mode"},"sceneLighting":false,"audioPlay":false,"sceneViewState":{"m_AlwaysRefresh":false,"showFog":true,"showSkybox":false,"showFlares":true,"showImageEffects":true,"showParticleSystems":true,"showVisualEffectGraphs":true,"m_FxEnabled":true},"in2DMode":false,"pivot":{"x":687.4721069335938,"y":361.8695068359375,"z":865.5497436523438},"rotation":{"x":-0.012310348451137543,"y":-0.00840232614427805,"z":0.00010464064689585939,"w":-0.9998927712440491},"size":644.5007934570313,"orthographic":false}