{"cameraMode":{"drawMode":0,"name":"Shaded","section":"Shading Mode"},"sceneLighting":false,"audioPlay":false,"sceneViewState":{"m_AlwaysRefresh":false,"showFog":true,"showSkybox":false,"showFlares":true,"showImageEffects":true,"showParticleSystems":true,"showVisualEffectGraphs":true,"m_FxEnabled":true},"in2DMode":false,"pivot":{"x":2.3401942253112795,"y":0.8194994926452637,"z":2.428006172180176},"rotation":{"x":-0.021679610013961793,"y":0.5427432656288147,"z":-0.013993595726788044,"w":-0.8395076394081116},"size":3.243382692337036,"orthographic":false}